"grp1","grp2"
"AAACCTGAGACACTAA-1","grp2","frt4"
"AAACCTGAGACGACGT-1","grp2","frt4"
"AAACCTGAGTCAAGCG-1","grp2","frt4"
"AAACCTGAGTCGATAA-1","grp2","frt4"
"AAACCTGAGTGGGCTA-1","grp2","frt4"
"AAACCTGCAAGAAGAG-1","grp2","frt4"
"AAACCTGCAGACAGGT-1","grp2","frt4"
"AAACCTGCATACAGCT-1","grp2","frt4"
"AAACCTGGTGACTACT-1","grp2","frt4"
"AAACCTGGTGTGACCC-1","grp2","frt4"
"AAACCTGGTTCCGTCT-1","grp2","frt4"
"AAACCTGGTTGTCGCG-1","grp2","frt4"
"AAACCTGTCAGGTTCA-1","grp2","frt4"
"AAACCTGTCCCTCAGT-1","grp2","frt4"
"AAACCTGTCGCCTGAG-1","grp2","frt4"
"AAACCTGTCTCTAAGG-1","grp2","frt4"
"AAACGGGAGCAGCCTC-1","grp2","frt4"
"AAACGGGAGCTAGCCC-1","grp2","frt4"
"AAACGGGCATTCCTGC-1","grp2","frt4"
"AAACGGGGTAAGTTCC-1","grp2","frt4"
"AAACGGGGTCTAGCCG-1","grp2","frt4"
"AAACGGGTCATAAAGG-1","grp2","frt4"
"AAACGGGTCATCTGCC-1","grp2","frt4"
"AAACGGGTCATTGCCC-1","grp2","frt4"
"AAACGGGTCGCCGTGA-1","grp2","frt4"
"AAAGATGAGTGTCCAT-1","grp2","frt4"
"AAAGATGCAACACGCC-1","grp2","frt4"
"AAAGATGCACACTGCG-1","grp2","frt4"
"AAAGATGCAGCTGTAT-1","grp2","frt4"
"AAAGATGGTCGCCATG-1","grp2","frt4"
"AAAGATGGTTGAACTC-1","grp2","frt4"
"AAAGATGTCACTTACT-1","grp2","frt4"
"AAAGATGTCTACCTGC-1","grp2","frt4"
"AAAGATGTCTATCCTA-1","grp2","frt4"
"AAAGCAAAGGCTAGCA-1","grp2","frt4"
"AAAGCAAAGGGTATCG-1","grp2","frt4"
"AAAGCAACACAGAGGT-1","grp2","frt4"
"AAAGCAACACATTAGC-1","grp2","frt4"
"AAAGCAACACGCGAAA-1","grp2","frt4"
"AAAGCAACATTCACTT-1","grp2","frt4"
"AAAGCAAGTAGCGTCC-1","grp2","frt4"
"AAAGCAAGTCTAGCCG-1","grp2","frt4"
"AAAGCAATCCACTCCA-1","grp2","frt4"
"AAAGCAATCTAACTGG-1","grp2","frt4"
"AAAGCAATCTGCGACG-1","grp2","frt4"
"AAAGCAATCTTGGGTA-1","grp2","frt4"
"AAAGTAGAGAAGAAGC-1","grp2","frt4"
"AAAGTAGAGATAGCAT-1","grp2","frt4"
"AAAGTAGAGTTGAGTA-1","grp2","frt3"
"AAAGTAGCAACTGCGC-1","grp2","frt3"
"AAAGTAGCAGAGCCAA-1","grp2","frt3"
"AAAGTAGCATTGTGCA-1","grp2","frt3"
"AAAGTAGGTATTCTCT-1","grp2","frt3"
"AAAGTAGGTCGCCATG-1","grp2","frt3"
"AAAGTAGTCAATACCG-1","grp2","frt3"
"AAAGTAGTCACCGGGT-1","grp2","frt3"
"AAAGTAGTCCAAGCCG-1","grp2","frt3"
"AAAGTAGTCCAGAGGA-1","grp2","frt3"
"AAAGTAGTCGTGGTCG-1","grp2","frt3"
"AAAGTAGTCTATGTGG-1","grp2","frt3"
"AAAGTAGTCTGAAAGA-1","grp2","frt3"
"AAATGCCAGGCGCTCT-1","grp2","frt3"
"AAATGCCCACTGTTAG-1","grp2","frt3"
"AAATGCCCAGGATTGG-1","grp2","frt3"
"AAATGCCCAGTCACTA-1","grp2","frt3"
"AAATGCCCAGTCCTTC-1","grp2","frt3"
"AAATGCCCATACTACG-1","grp2","frt3"
"AAATGCCCATAGAAAC-1","grp2","frt3"
"AAATGCCGTATATGGA-1","grp2","frt3"
"AAATGCCGTCTCCATC-1","grp2","frt3"
"AAATGCCGTTACGCGC-1","grp2","frt3"
"AAATGCCGTTATGTGC-1","grp2","frt3"
"AAATGCCTCCAAGCCG-1","grp2","frt3"
"AAATGCCTCGGCATCG-1","grp2","frt3"
"AAATGCCTCTACCTGC-1","grp2","frt3"
"AACACGTAGGACACCA-1","grp2","frt3"
"AACACGTAGTGGGATC-1","grp2","frt3"
"AACACGTCAAACGCGA-1","grp2","frt3"
"AACACGTCAAGTCTAC-1","grp2","frt3"
"AACACGTCAGCATGAG-1","grp2","frt3"
"AACACGTCAGCTCCGA-1","grp2","frt3"
"AACACGTGTTCATGGT-1","grp2","frt3"
"AACACGTTCGTACCGG-1","grp2","frt3"
"AACCATGAGACGCACA-1","grp2","frt3"
"AACCATGAGATCGGGT-1","grp2","frt3"
"AACCATGAGATGAGAG-1","grp2","frt3"
"AACCATGAGCATCATC-1","grp2","frt3"
"AACCATGAGCGTCTAT-1","grp2","frt3"
"AACCATGAGTCAAGCG-1","grp2","frt3"
"AACCATGCAGGTGCCT-1","grp2","frt3"
"AACCATGCATGCATGT-1","grp2","frt3"
"AACCATGCATGGAATA-1","grp2","frt3"
"AACCATGGTACTTAGC-1","grp2","frt3"
"AACCATGGTAGAAGGA-1","grp2","frt3"
"AACCATGGTCATCGGC-1","grp2","frt3"
"AACCATGGTCGAGATG-1","grp2","frt3"
"AACCATGGTGATAAGT-1","grp2","frt3"
"AACCATGGTTCGCTAA-1","grp2","frt3"
"AACCATGTCAATCTCT-1","grp2","frt3"
"AACCATGTCCTTGGTC-1","grp2","frt3"
"AACCATGTCGGCGGTT-1","grp1","frd1"
"AACCGCGAGCAGGCTA-1","grp1","frd1"
"AACCGCGAGGTGCTAG-1","grp1","frd1"
"AACCGCGAGTGGGATC-1","grp1","frd1"
"AACCGCGCAAGGACTG-1","grp1","frd1"
"AACCGCGGTATTACCG-1","grp1","frd1"
"AACCGCGGTCGAAAGC-1","grp1","frd1"
"AACCGCGGTCTCGTTC-1","grp1","frd1"
"AACCGCGGTTGAGTTC-1","grp1","frd1"
"AACCGCGTCACCACCT-1","grp1","frd1"
"AACCGCGTCTGGGCCA-1","grp1","frd1"
"AACCGCGTCTTGGGTA-1","grp1","frd1"
"AACCGCGTCTTTCCTC-1","grp1","frd1"
"AACGTTGAGAACTGTA-1","grp1","frd1"
"AACGTTGAGAGCTTCT-1","grp1","frd1"
"AACGTTGAGTGGGATC-1","grp1","frd1"
"AACGTTGCACTATCTT-1","grp1","frd1"
"AACGTTGCATCTATGG-1","grp1","frd1"
"AACGTTGCATGAACCT-1","grp1","frd1"
"AACGTTGCATTATCTC-1","grp1","frd1"
"AACGTTGGTAACGTTC-1","grp1","frd1"
"AACGTTGGTATCACCA-1","grp1","frd1"
"AACGTTGGTCGGCATC-1","grp1","frd1"
"AACGTTGTCCGTACAA-1","grp1","frd1"
"AACGTTGTCGTTACAG-1","grp1","frd1"
"AACTCAGAGAATTCCC-1","grp1","frd1"
"AACTCAGAGGACCACA-1","grp1","frd1"
"AACTCAGAGGGCTCTC-1","grp1","frd1"
"AACTCAGAGGGTCTCC-1","grp1","frd1"
"AACTCAGAGGTGTGGT-1","grp1","frd1"
"AACTCAGAGTACGCGA-1","grp1","frd1"
"AACTCAGAGTTGAGTA-1","grp1","frd1"
"AACTCAGCAATCCAAC-1","grp1","frd1"
"AACTCAGCACGGTTTA-1","grp1","frd1"
"AACTCAGCATCACGTA-1","grp1","frd1"
"AACTCAGCATCCAACA-1","grp1","frd1"
"AACTCAGCATGACGGA-1","grp1","frd1"
"AACTCAGCATTGGCGC-1","grp1","frd1"
"AACTCAGGTCATATCG-1","grp1","frd1"
"AACTCAGGTCTCCACT-1","grp1","frd1"
"AACTCAGGTGTGAAAT-1","grp1","frd1"
"AACTCAGGTTTGTGTG-1","grp1","frd1"
"AACTCAGTCAATACCG-1","grp1","frd1"
"AACTCAGTCCAAAGTC-1","grp1","frd1"
"AACTCAGTCGTTGCCT-1","grp1","frd1"
"AACTCAGTCTCAAGTG-1","grp1","frd1"
"AACTCAGTCTGTCTCG-1","grp1","frd1"
"AACTCAGTCTTGACGA-1","grp1","frd1"
"AACTCAGTCTTGCCGT-1","grp1","frd1"
"AACTCCCAGAGCCTAG-1","grp1","frd1"
"AACTCCCAGAGGTACC-1","grp1","frd1"
"AACTCCCAGCGTTGCC-1","grp1","frd1"
"AACTCCCAGGCAGTCA-1","grp1","frd1"
"AACTCCCAGGTGCACA-1","grp1","frd1"
"AACTCCCCAATCTGCA-1","grp1","frd1"
"AACTCCCCACAGATTC-1","grp1","frd1"
"AACTCCCCAGTATAAG-1","grp1","frd1"
"AACTCCCCATGCAATC-1","grp1","frd1"
"AACTCCCCATGTTGAC-1","grp1","frd1"
"AACTCCCGTAGAGTGC-1","grp1","frd1"
"AACTCCCGTCATTAGC-1","grp1","frd1"
"AACTCCCGTCGGATCC-1","grp1","frd1"
"AACTCCCGTGCAACGA-1","grp1","frd1"
"AACTCCCGTGCACTTA-1","grp1","frd1"
"AACTCCCGTTAAGACA-1","grp1","frd1"
"AACTCCCGTTAGTGGG-1","grp1","frd1"
"AACTCCCTCGACGGAA-1","grp1","frd1"
"AACTCCCTCTGCTTGC-1","grp1","frd1"
"AACTCCCTCTTGCATT-1","grp1","frd1"
"AACTCTTAGATGTGGC-1","grp1","frd1"
"AACTCTTAGCGATCCC-1","grp1","frd1"
"AACTCTTAGGTCATCT-1","grp1","frd1"
"AACTCTTAGTCACGCC-1","grp1","frd1"
"AACTCTTAGTGTACTC-1","grp1","frd1"
"AACTCTTAGTTCCACA-1","grp1","frd1"
"AACTCTTAGTTTCCTT-1","grp1","frd1"
"AACTCTTCAAAGGAAG-1","grp1","frd1"
"AACTCTTCAGATCTGT-1","grp1","frd1"
"AACTCTTCAGTATGCT-1","grp1","frd1"
"AACTCTTCAGTGGAGT-1","grp1","frd1"
"AACTCTTCATGGTCTA-1","grp1","frd1"
"AACTCTTGTCGATTGT-1","grp1","frd1"
"AACTCTTGTTATCCGA-1","grp1","frd1"
"AACTCTTTCAACACAC-1","grp1","frd1"
"AACTCTTTCAGGCAAG-1","grp1","frd1"
"AACTCTTTCCCGGATG-1","grp1","frd1"
"AACTCTTTCCGCGGTA-1","grp1","frd1"
"AACTCTTTCTCAAACG-1","grp1","frd1"
"AACTGGTAGATGTTAG-1","grp1","frd1"
"AACTGGTAGCAATCTC-1","grp1","frd1"
"AACTGGTAGCCAGTAG-1","grp1","frd1"
"AACTGGTAGCCCAGCT-1","grp1","frd1"
"AACTGGTAGTGATCGG-1","grp1","frd1"
"AACTGGTCACATCCGG-1","grp1","frd1"
"AACTGGTCACATTCGA-1","grp1","frd1"
"AACTGGTCATCTATGG-1","grp1","frd1"
"AACTGGTGTGTGTGCC-1","grp1","frd1"
"AACTGGTGTTCAGCGC-1","grp1","frd1"
"AACTGGTGTTCGCGAC-1","grp1","frd1"
"AACTGGTTCATTGCGA-1","grp1","frd1"
