"sampleNames","barcode"
"AAACCTGAGACACTAA-1","1","AAACCTGAGACACTAA-1"
"AAACCTGAGACGACGT-1","1","AAACCTGAGACGACGT-1"
"AAACCTGAGTCAAGCG-1","1","AAACCTGAGTCAAGCG-1"
"AAACCTGAGTCGATAA-1","1","AAACCTGAGTCGATAA-1"
"AAACCTGAGTGGGCTA-1","1","AAACCTGAGTGGGCTA-1"
"AAACCTGCAAGAAGAG-1","1","AAACCTGCAAGAAGAG-1"
"AAACCTGCAGACAGGT-1","1","AAACCTGCAGACAGGT-1"
"AAACCTGCATACAGCT-1","1","AAACCTGCATACAGCT-1"
"AAACCTGGTGACTACT-1","1","AAACCTGGTGACTACT-1"
"AAACCTGGTGTGACCC-1","1","AAACCTGGTGTGACCC-1"
"AAACCTGGTTCCGTCT-1","1","AAACCTGGTTCCGTCT-1"
"AAACCTGGTTGTCGCG-1","1","AAACCTGGTTGTCGCG-1"
"AAACCTGTCAGGTTCA-1","1","AAACCTGTCAGGTTCA-1"
"AAACCTGTCCCTCAGT-1","1","AAACCTGTCCCTCAGT-1"
"AAACCTGTCGCCTGAG-1","1","AAACCTGTCGCCTGAG-1"
"AAACCTGTCTCTAAGG-1","1","AAACCTGTCTCTAAGG-1"
"AAACGGGAGCAGCCTC-1","1","AAACGGGAGCAGCCTC-1"
"AAACGGGAGCTAGCCC-1","1","AAACGGGAGCTAGCCC-1"
"AAACGGGCATTCCTGC-1","1","AAACGGGCATTCCTGC-1"
"AAACGGGGTAAGTTCC-1","1","AAACGGGGTAAGTTCC-1"
"AAACGGGGTCTAGCCG-1","1","AAACGGGGTCTAGCCG-1"
"AAACGGGTCATAAAGG-1","1","AAACGGGTCATAAAGG-1"
"AAACGGGTCATCTGCC-1","1","AAACGGGTCATCTGCC-1"
"AAACGGGTCATTGCCC-1","1","AAACGGGTCATTGCCC-1"
"AAACGGGTCGCCGTGA-1","1","AAACGGGTCGCCGTGA-1"
"AAAGATGAGTGTCCAT-1","1","AAAGATGAGTGTCCAT-1"
"AAAGATGCAACACGCC-1","1","AAAGATGCAACACGCC-1"
"AAAGATGCACACTGCG-1","1","AAAGATGCACACTGCG-1"
"AAAGATGCAGCTGTAT-1","1","AAAGATGCAGCTGTAT-1"
"AAAGATGGTCGCCATG-1","1","AAAGATGGTCGCCATG-1"
"AAAGATGGTTGAACTC-1","1","AAAGATGGTTGAACTC-1"
"AAAGATGTCACTTACT-1","1","AAAGATGTCACTTACT-1"
"AAAGATGTCTACCTGC-1","1","AAAGATGTCTACCTGC-1"
"AAAGATGTCTATCCTA-1","1","AAAGATGTCTATCCTA-1"
"AAAGCAAAGGCTAGCA-1","1","AAAGCAAAGGCTAGCA-1"
"AAAGCAAAGGGTATCG-1","1","AAAGCAAAGGGTATCG-1"
"AAAGCAACACAGAGGT-1","1","AAAGCAACACAGAGGT-1"
"AAAGCAACACATTAGC-1","1","AAAGCAACACATTAGC-1"
"AAAGCAACACGCGAAA-1","1","AAAGCAACACGCGAAA-1"
"AAAGCAACATTCACTT-1","1","AAAGCAACATTCACTT-1"
"AAAGCAAGTAGCGTCC-1","1","AAAGCAAGTAGCGTCC-1"
"AAAGCAAGTCTAGCCG-1","1","AAAGCAAGTCTAGCCG-1"
"AAAGCAATCCACTCCA-1","1","AAAGCAATCCACTCCA-1"
"AAAGCAATCTAACTGG-1","1","AAAGCAATCTAACTGG-1"
"AAAGCAATCTGCGACG-1","1","AAAGCAATCTGCGACG-1"
"AAAGCAATCTTGGGTA-1","1","AAAGCAATCTTGGGTA-1"
"AAAGTAGAGAAGAAGC-1","1","AAAGTAGAGAAGAAGC-1"
"AAAGTAGAGATAGCAT-1","1","AAAGTAGAGATAGCAT-1"
"AAAGTAGAGTTGAGTA-1","1","AAAGTAGAGTTGAGTA-1"
"AAAGTAGCAACTGCGC-1","1","AAAGTAGCAACTGCGC-1"
"AAAGTAGCAGAGCCAA-1","1","AAAGTAGCAGAGCCAA-1"
"AAAGTAGCATTGTGCA-1","1","AAAGTAGCATTGTGCA-1"
"AAAGTAGGTATTCTCT-1","1","AAAGTAGGTATTCTCT-1"
"AAAGTAGGTCGCCATG-1","1","AAAGTAGGTCGCCATG-1"
"AAAGTAGTCAATACCG-1","1","AAAGTAGTCAATACCG-1"
"AAAGTAGTCACCGGGT-1","1","AAAGTAGTCACCGGGT-1"
"AAAGTAGTCCAAGCCG-1","1","AAAGTAGTCCAAGCCG-1"
"AAAGTAGTCCAGAGGA-1","1","AAAGTAGTCCAGAGGA-1"
"AAAGTAGTCGTGGTCG-1","1","AAAGTAGTCGTGGTCG-1"
"AAAGTAGTCTATGTGG-1","1","AAAGTAGTCTATGTGG-1"
"AAAGTAGTCTGAAAGA-1","1","AAAGTAGTCTGAAAGA-1"
"AAATGCCAGGCGCTCT-1","1","AAATGCCAGGCGCTCT-1"
"AAATGCCCACTGTTAG-1","1","AAATGCCCACTGTTAG-1"
"AAATGCCCAGGATTGG-1","1","AAATGCCCAGGATTGG-1"
"AAATGCCCAGTCACTA-1","1","AAATGCCCAGTCACTA-1"
"AAATGCCCAGTCCTTC-1","1","AAATGCCCAGTCCTTC-1"
"AAATGCCCATACTACG-1","1","AAATGCCCATACTACG-1"
"AAATGCCCATAGAAAC-1","1","AAATGCCCATAGAAAC-1"
"AAATGCCGTATATGGA-1","1","AAATGCCGTATATGGA-1"
"AAATGCCGTCTCCATC-1","1","AAATGCCGTCTCCATC-1"
"AAATGCCGTTACGCGC-1","1","AAATGCCGTTACGCGC-1"
"AAATGCCGTTATGTGC-1","1","AAATGCCGTTATGTGC-1"
"AAATGCCTCCAAGCCG-1","1","AAATGCCTCCAAGCCG-1"
"AAATGCCTCGGCATCG-1","1","AAATGCCTCGGCATCG-1"
"AAATGCCTCTACCTGC-1","1","AAATGCCTCTACCTGC-1"
"AACACGTAGGACACCA-1","1","AACACGTAGGACACCA-1"
"AACACGTAGTGGGATC-1","1","AACACGTAGTGGGATC-1"
"AACACGTCAAACGCGA-1","1","AACACGTCAAACGCGA-1"
"AACACGTCAAGTCTAC-1","1","AACACGTCAAGTCTAC-1"
"AACACGTCAGCATGAG-1","1","AACACGTCAGCATGAG-1"
"AACACGTCAGCTCCGA-1","1","AACACGTCAGCTCCGA-1"
"AACACGTGTTCATGGT-1","1","AACACGTGTTCATGGT-1"
"AACACGTTCGTACCGG-1","1","AACACGTTCGTACCGG-1"
"AACCATGAGACGCACA-1","1","AACCATGAGACGCACA-1"
"AACCATGAGATCGGGT-1","1","AACCATGAGATCGGGT-1"
"AACCATGAGATGAGAG-1","1","AACCATGAGATGAGAG-1"
"AACCATGAGCATCATC-1","1","AACCATGAGCATCATC-1"
"AACCATGAGCGTCTAT-1","1","AACCATGAGCGTCTAT-1"
"AACCATGAGTCAAGCG-1","1","AACCATGAGTCAAGCG-1"
"AACCATGCAGGTGCCT-1","1","AACCATGCAGGTGCCT-1"
"AACCATGCATGCATGT-1","1","AACCATGCATGCATGT-1"
"AACCATGCATGGAATA-1","1","AACCATGCATGGAATA-1"
"AACCATGGTACTTAGC-1","1","AACCATGGTACTTAGC-1"
"AACCATGGTAGAAGGA-1","1","AACCATGGTAGAAGGA-1"
"AACCATGGTCATCGGC-1","1","AACCATGGTCATCGGC-1"
"AACCATGGTCGAGATG-1","1","AACCATGGTCGAGATG-1"
"AACCATGGTGATAAGT-1","1","AACCATGGTGATAAGT-1"
"AACCATGGTTCGCTAA-1","1","AACCATGGTTCGCTAA-1"
"AACCATGTCAATCTCT-1","1","AACCATGTCAATCTCT-1"
"AACCATGTCCTTGGTC-1","1","AACCATGTCCTTGGTC-1"
"AACCATGTCGGCGGTT-1","test2","AACCATGTCGGCGGTT-1"
"AACCGCGAGCAGGCTA-1","test2","AACCGCGAGCAGGCTA-1"
"AACCGCGAGGTGCTAG-1","test2","AACCGCGAGGTGCTAG-1"
"AACCGCGAGTGGGATC-1","test2","AACCGCGAGTGGGATC-1"
"AACCGCGCAAGGACTG-1","test2","AACCGCGCAAGGACTG-1"
"AACCGCGGTATTACCG-1","test2","AACCGCGGTATTACCG-1"
"AACCGCGGTCGAAAGC-1","test2","AACCGCGGTCGAAAGC-1"
"AACCGCGGTCTCGTTC-1","test2","AACCGCGGTCTCGTTC-1"
"AACCGCGGTTGAGTTC-1","test2","AACCGCGGTTGAGTTC-1"
"AACCGCGTCACCACCT-1","test2","AACCGCGTCACCACCT-1"
"AACCGCGTCTGGGCCA-1","test2","AACCGCGTCTGGGCCA-1"
"AACCGCGTCTTGGGTA-1","test2","AACCGCGTCTTGGGTA-1"
"AACCGCGTCTTTCCTC-1","test2","AACCGCGTCTTTCCTC-1"
"AACGTTGAGAACTGTA-1","test2","AACGTTGAGAACTGTA-1"
"AACGTTGAGAGCTTCT-1","test2","AACGTTGAGAGCTTCT-1"
"AACGTTGAGTGGGATC-1","test2","AACGTTGAGTGGGATC-1"
"AACGTTGCACTATCTT-1","test2","AACGTTGCACTATCTT-1"
"AACGTTGCATCTATGG-1","test2","AACGTTGCATCTATGG-1"
"AACGTTGCATGAACCT-1","test2","AACGTTGCATGAACCT-1"
"AACGTTGCATTATCTC-1","test2","AACGTTGCATTATCTC-1"
"AACGTTGGTAACGTTC-1","test2","AACGTTGGTAACGTTC-1"
"AACGTTGGTATCACCA-1","test2","AACGTTGGTATCACCA-1"
"AACGTTGGTCGGCATC-1","test2","AACGTTGGTCGGCATC-1"
"AACGTTGTCCGTACAA-1","test2","AACGTTGTCCGTACAA-1"
"AACGTTGTCGTTACAG-1","test2","AACGTTGTCGTTACAG-1"
"AACTCAGAGAATTCCC-1","test2","AACTCAGAGAATTCCC-1"
"AACTCAGAGGACCACA-1","test2","AACTCAGAGGACCACA-1"
"AACTCAGAGGGCTCTC-1","test2","AACTCAGAGGGCTCTC-1"
"AACTCAGAGGGTCTCC-1","test2","AACTCAGAGGGTCTCC-1"
"AACTCAGAGGTGTGGT-1","test2","AACTCAGAGGTGTGGT-1"
"AACTCAGAGTACGCGA-1","test2","AACTCAGAGTACGCGA-1"
"AACTCAGAGTTGAGTA-1","test2","AACTCAGAGTTGAGTA-1"
"AACTCAGCAATCCAAC-1","test2","AACTCAGCAATCCAAC-1"
"AACTCAGCACGGTTTA-1","test2","AACTCAGCACGGTTTA-1"
"AACTCAGCATCACGTA-1","test2","AACTCAGCATCACGTA-1"
"AACTCAGCATCCAACA-1","test2","AACTCAGCATCCAACA-1"
"AACTCAGCATGACGGA-1","test2","AACTCAGCATGACGGA-1"
"AACTCAGCATTGGCGC-1","test2","AACTCAGCATTGGCGC-1"
"AACTCAGGTCATATCG-1","test2","AACTCAGGTCATATCG-1"
"AACTCAGGTCTCCACT-1","test2","AACTCAGGTCTCCACT-1"
"AACTCAGGTGTGAAAT-1","test2","AACTCAGGTGTGAAAT-1"
"AACTCAGGTTTGTGTG-1","test2","AACTCAGGTTTGTGTG-1"
"AACTCAGTCAATACCG-1","test2","AACTCAGTCAATACCG-1"
"AACTCAGTCCAAAGTC-1","test2","AACTCAGTCCAAAGTC-1"
"AACTCAGTCGTTGCCT-1","test2","AACTCAGTCGTTGCCT-1"
"AACTCAGTCTCAAGTG-1","test2","AACTCAGTCTCAAGTG-1"
"AACTCAGTCTGTCTCG-1","test2","AACTCAGTCTGTCTCG-1"
"AACTCAGTCTTGACGA-1","test2","AACTCAGTCTTGACGA-1"
"AACTCAGTCTTGCCGT-1","test2","AACTCAGTCTTGCCGT-1"
"AACTCCCAGAGCCTAG-1","test2","AACTCCCAGAGCCTAG-1"
"AACTCCCAGAGGTACC-1","test2","AACTCCCAGAGGTACC-1"
"AACTCCCAGCGTTGCC-1","test2","AACTCCCAGCGTTGCC-1"
"AACTCCCAGGCAGTCA-1","test2","AACTCCCAGGCAGTCA-1"
"AACTCCCAGGTGCACA-1","test2","AACTCCCAGGTGCACA-1"
"AACTCCCCAATCTGCA-1","test2","AACTCCCCAATCTGCA-1"
"AACTCCCCACAGATTC-1","test2","AACTCCCCACAGATTC-1"
"AACTCCCCAGTATAAG-1","test2","AACTCCCCAGTATAAG-1"
"AACTCCCCATGCAATC-1","test2","AACTCCCCATGCAATC-1"
"AACTCCCCATGTTGAC-1","test2","AACTCCCCATGTTGAC-1"
"AACTCCCGTAGAGTGC-1","test2","AACTCCCGTAGAGTGC-1"
"AACTCCCGTCATTAGC-1","test2","AACTCCCGTCATTAGC-1"
"AACTCCCGTCGGATCC-1","test2","AACTCCCGTCGGATCC-1"
"AACTCCCGTGCAACGA-1","test2","AACTCCCGTGCAACGA-1"
"AACTCCCGTGCACTTA-1","test2","AACTCCCGTGCACTTA-1"
"AACTCCCGTTAAGACA-1","test2","AACTCCCGTTAAGACA-1"
"AACTCCCGTTAGTGGG-1","test2","AACTCCCGTTAGTGGG-1"
"AACTCCCTCGACGGAA-1","test2","AACTCCCTCGACGGAA-1"
"AACTCCCTCTGCTTGC-1","test2","AACTCCCTCTGCTTGC-1"
"AACTCCCTCTTGCATT-1","test2","AACTCCCTCTTGCATT-1"
"AACTCTTAGATGTGGC-1","test2","AACTCTTAGATGTGGC-1"
"AACTCTTAGCGATCCC-1","test2","AACTCTTAGCGATCCC-1"
"AACTCTTAGGTCATCT-1","test2","AACTCTTAGGTCATCT-1"
"AACTCTTAGTCACGCC-1","test2","AACTCTTAGTCACGCC-1"
"AACTCTTAGTGTACTC-1","test2","AACTCTTAGTGTACTC-1"
"AACTCTTAGTTCCACA-1","test2","AACTCTTAGTTCCACA-1"
"AACTCTTAGTTTCCTT-1","test2","AACTCTTAGTTTCCTT-1"
"AACTCTTCAAAGGAAG-1","test2","AACTCTTCAAAGGAAG-1"
"AACTCTTCAGATCTGT-1","test2","AACTCTTCAGATCTGT-1"
"AACTCTTCAGTATGCT-1","test2","AACTCTTCAGTATGCT-1"
"AACTCTTCAGTGGAGT-1","test2","AACTCTTCAGTGGAGT-1"
"AACTCTTCATGGTCTA-1","test2","AACTCTTCATGGTCTA-1"
"AACTCTTGTCGATTGT-1","test2","AACTCTTGTCGATTGT-1"
"AACTCTTGTTATCCGA-1","test2","AACTCTTGTTATCCGA-1"
"AACTCTTTCAACACAC-1","test2","AACTCTTTCAACACAC-1"
"AACTCTTTCAGGCAAG-1","test2","AACTCTTTCAGGCAAG-1"
"AACTCTTTCCCGGATG-1","test2","AACTCTTTCCCGGATG-1"
"AACTCTTTCCGCGGTA-1","test2","AACTCTTTCCGCGGTA-1"
"AACTCTTTCTCAAACG-1","test2","AACTCTTTCTCAAACG-1"
"AACTGGTAGATGTTAG-1","test2","AACTGGTAGATGTTAG-1"
"AACTGGTAGCAATCTC-1","test2","AACTGGTAGCAATCTC-1"
"AACTGGTAGCCAGTAG-1","test2","AACTGGTAGCCAGTAG-1"
"AACTGGTAGCCCAGCT-1","test2","AACTGGTAGCCCAGCT-1"
"AACTGGTAGTGATCGG-1","test2","AACTGGTAGTGATCGG-1"
"AACTGGTCACATCCGG-1","test2","AACTGGTCACATCCGG-1"
"AACTGGTCACATTCGA-1","test2","AACTGGTCACATTCGA-1"
"AACTGGTCATCTATGG-1","test2","AACTGGTCATCTATGG-1"
"AACTGGTGTGTGTGCC-1","test2","AACTGGTGTGTGTGCC-1"
"AACTGGTGTTCAGCGC-1","test2","AACTGGTGTTCAGCGC-1"
"AACTGGTGTTCGCGAC-1","test2","AACTGGTGTTCGCGAC-1"
"AACTGGTTCATTGCGA-1","test2","AACTGGTTCATTGCGA-1"
